{
    "items": [
        {
            "type": "VOD",
            "protocol": "HLS",
            "name":"Back to the Mac",
            "url":"http://qthttp.apple.com.edgesuite.net/1010qwoeiuryfg/sl.m3u8",
            "browsers":"cdsbi"
        },
        {
            "type": "Live",
            "protocol": "HLS",
            "name": "Big Buck Bunny (AES128)",
            "url": "http://apache1.rd.francetelecom.com/BBB/index.m3u8",
            "browsers": "cdsbi"
        },
        {
            "type": "VOD",
            "protocol": "MSS",
            "name": "VOD - SuperSpeedway",
            "url": "http://playready.directtaps.net/smoothstreaming/SSWSS720H264/SuperSpeedway_720.ism/Manifest",
            "browsers": "cdsbi"
        },
        {
            "type": "VOD",
            "protocol": "MSS",
            "name": "VOD - SuperSpeedway (PlayReady)",
            "url": "http://playready.directtaps.net/smoothstreaming/SSWSS720H264PR/SuperSpeedway_720.ism/Manifest",
            "browsers": "cdsbi"
        },
        {
            "type": "VOD",
            "protocol": "MSS",
            "name": "VOD - Elephants Dream (multi-audio/text)",
            "url": "http://streams.smooth.vertigo.com/elephantsdream/Elephants_Dream_1024-h264-st-aac.ism/manifest",
            "browsers": "cdsbi"
        },
        {
            "type": "Live",
            "protocol": "MSS",
            "name": "LIVE - Big Buck Bunny",
            "url": "http://2is7server1.rd.francetelecom.com/C4/C4-51_BBB.isml/Manifest",
            "browsers": "cdsbi"
        },
        {
            "type": "VOD",
            "protocol": "DASH",
            "name": "Envivio",
            "url": "http://dash.edgesuite.net/envivio/dashpr/clear/Manifest.mpd",
            "browsers": "cdsbi"
        },
        {
            "type": "VOD",
            "protocol": "DASH",
            "name": "Segment List",
            "url": "http://www.digitalprimates.net/dash/streams/gpac/mp4-main-multi-mpd-AV-NBS.mpd",
            "browsers": "cdsbi"
        },
        {
            "type": "VOD",
            "protocol": "DASH",
            "name": "Segment Template",
            "url": "http://www.digitalprimates.net/dash/streams/mp4-live-template/mp4-live-mpd-AV-BS.mpd",
            "browsers": "cdsbi"
        },
        {
            "type": "VOD",
            "protocol": "DASH",
            "name": "Unified Streaming - Timeline",
            "url": "http://demo.unified-streaming.com/video/ateam/ateam.ism/ateam.mpd",
            "browsers": "cdsbi"
        },
        {
            "type": "Live",
            "protocol": "DASH",
            "name": "Unified Streaming Live",
             "url": "http://live.unified-streaming.com/loop/loop.isml/loop.mpd?format=mp4&session_id=25020",
            "browsers": "cdsbi"
        },
        {
            "type": "VOD",
            "protocol": "DASH",
            "name": "Microsoft #1",
            "url": "http://wams.edgesuite.net/media/SintelTrailer_MP4_from_WAME/sintel_trailer-1080p.ism/manifest(format=mpd-time-csf)",
            "browsers": "cdsbi"
        },
        {
            "type": "VOD",
            "protocol": "DASH",
            "name": "Microsoft #2",
            "url": "http://wams.edgesuite.net/media/SintelTrailer_Smooth_from_WAME/sintel_trailer-1080p.ism/manifest(format=mpd-time-csf)",
            "browsers": "cdsbi"
        },
        {
            "type": "VOD",
            "protocol": "DASH",
            "name": "Microsoft #3",
            "url": "http://wams.edgesuite.net/media/SintelTrailer_Smooth_from_WAME_720p_Main_Profile/sintel_trailer-720p.ism/manifest(format=mpd-time-csf)",
            "browsers": "cdsbi"
        },
        {
            "type": "VOD",
            "protocol": "DASH",
            "name": "Microsoft #4",
            "url": "http://wams.edgesuite.net/media/MPTExpressionData01/ElephantsDream_1080p24_IYUV_2ch.ism/manifest(format=mpd-time-csf)",
            "browsers": "cdsbi"
        },
        {
            "type": "VOD",
            "protocol": "DASH",
            "name": "Microsoft #5",
            "url": "http://wams.edgesuite.net/media/MPTExpressionData02/BigBuckBunny_1080p24_IYUV_2ch.ism/manifest(format=mpd-time-csf)",
            "browsers": "cdsbi"
        },
        {
            "type": "VOD",
            "protocol": "DASH",
            "name": "Microsoft Cenc #1",
            "url": "http://wams.edgesuite.net/media/SintelTrailer_Smooth_from_WAME_720p_Main_Profile_CENC/CENC/sintel_trailer-720p.ism/manifest(format=mpd-time-csf)",
            "browsers": "cdsbi"
        },
        {
            "type": "VOD",
            "protocol": "DASH",
            "name": "Microsoft Cenc #4",
            "url": "http://wams.edgesuite.net/media/SintelTrailer_Smooth_from_WAME_CENC/CENC/sintel_trailer-1080p.ism/manifest(format=mpd-time-csf)",
            "browsers": "cdsbi"
        },
                {
            "type": "VOD",
            "protocol": "PLAYBACK",
            "name": "Wuaki_Movie_3897_20170412/cc479d8f8b9c6d0efca83b4accaa65a9-mc-0-60-0-0_PR_2",
            "url": "http://vod-mss.cdns.cdn.orangetv.orange.es/wLZhEUFJ-QUfdJzxB4jBWA/1495267227/2233855/3201657/1167187599/MSS/Wuaki_Movie_3897_20170412/cc479d8f8b9c6d0efca83b4accaa65a9-mc-0-60-0-0_PR_2/orange_stream_sd.ism/manifest",
            "browsers": "cdsbi",
            "protData": {
                "com.microsoft.playready": {
                    "laURL": "https://license.wuaki.tv/pr-non-persistent"
                },
                "com.widevine.alpha": {
                  "laURL": "https://matraqueo.wuaki.tv/dash_licenses?token=werxR7hfQWurJMs78YbkyKvvqTkJjg0oxz1pNyrOsEsdYVDQGwlZcFTyjzjNEzH8zCbWhWfuowsov2063DSpS7yiYtfg7UO5GCjPBRFqvgEkBZELCY1s0EEbD/xH3DYo",
                  "laURL": "https://staging-services.wuaki.tv/matraqueo/orange_licenses?token=werxR7hfQWurJMs78YbkyKvvqTkJjg0oxz1pNyrOsEsdYVDQGwlZcFTyjzjNEzH8zCbWhWfuowsov2063DSpS7yiYtfg7UO5GCjPBRFqvgEkBZELCY1s0EEbD/xH3DYo"
                }
            }
        },
        {
            "type": "VOD",
            "protocol": "PLAYBACK",
            "name": "cc479d8f8b9c6d0efca83b4accaa65a9-mc-0-60-0-0_PR",
            "url": "https://prod-stpeter-iis-mss.akamai.cdn.wuaki.tv/ondemand/c/c/4/cc479d8f8b9c6d0efca83b4accaa65a9-mc-0-60-0-0_PR/orange_stream_sd.ism/Manifest",
            "browsers": "cdsbi",
            "protData": {
                "com.microsoft.playready": {
                    "laURL": "https://license.wuaki.tv/pr-non-persistent"
                },
                "com.widevine.alpha": {
                  "laURL": "https://matraqueo.wuaki.tv/dash_licenses?token=werxR7hfQWurJMs78YbkyKvvqTkJjg0oxz1pNyrOsEsdYVDQGwlZcFTyjzjNEzH8zCbWhWfuowsov2063DSpS7yiYtfg7UO5GCjPBRFqvgEkBZELCY1s0EEbD/xH3DYo",
                  "laURL": "https://staging-services.wuaki.tv/matraqueo/orange_licenses?token=werxR7hfQWurJMs78YbkyKvvqTkJjg0oxz1pNyrOsEsdYVDQGwlZcFTyjzjNEzH8zCbWhWfuowsov2063DSpS7yiYtfg7UO5GCjPBRFqvgEkBZELCY1s0EEbD/xH3DYo"
                }
            }
        },
        {
            "type": "VOD",
            "protocol": "PLAYBACK",
            "name": "198c3eddf99225656a939832255079d9-mc-0-87-0-0_DASHSS",
            "url": "https://prod-stpeter-iis-mss.akamai.cdn.wuaki.tv/ondemand/1/9/8/198c3eddf99225656a939832255079d9-mc-0-87-0-0_DASHSS/stream.ism/Manifest",
            "browsers": "cdsbi",
            "protData": {
                "com.microsoft.playready": {
                    "laURL": "https://license.wuaki.tv/pr-non-persistent"
                },
                "com.widevine.alpha": {
                  "laURL": "https://matraqueo.wuaki.tv/dash_licenses?token=3sQ1viHCKhOu2dwyPmbWZtgwUirJEwEfO33HZ/5M/oonk72hnLgFsGhsfYHn1742bEpfOQMNL6M/GHrcK8Rs3Hai2vDDlc93QdShuY6S0HCneX3OqxNaUwiB6PYzKaX7"
                }
            }
        },
        {
            "type": "VOD",
            "protocol": "PLAYBACK",
            "name": "ff881eb27e4cac84715847086209649c-mc-0-85-0-0_DASHSS",
            "url": "https://prod-stpeter-iis-mss.akamai.cdn.wuaki.tv/ondemand/f/f/8/ff881eb27e4cac84715847086209649c-mc-0-85-0-0_DASHSS/stream.ism/Manifest",
            "browsers": "cdsbi",
            "protData": {
                "com.microsoft.playready": {
                    "laURL": "https://license.wuaki.tv/pr-non-persistent"
                },
                "com.widevine.alpha": {
                  "laURL": "https://matraqueo.wuaki.tv/dash_licenses?token=0A2sO4FO9NyTbY/CpRde3HWtCy/yTzTvBRDvRHAZXBm1Syu4sGgcvf/ehYKJSk2BXq6dxooQGknk9MbLZjVoh+ezBmdqm3nes8t0gSEw5zLKzcoBt54IRLuceg6WHO7T",
                  "laURL": "https://staging-services.wuaki.tv/matraqueo/dash_licenses?token=0A2sO4FO9NyTbY/CpRde3HWtCy/yTzTvBRDvRHAZXBm1Syu4sGgcvf/ehYKJSk2BXq6dxooQGknk9MbLZjVoh+ezBmdqm3nes8t0gSEw5zLKzcoBt54IRLuceg6WHO7T"
                }
            }
        }
    ]
}
